54,30,75,94720,2,3.2,3,0,0,0,0,1,-1
61,35,23,94720,3,0.3,3,0,0,0,1,0,-1
56,31,28,94720,1,1.3,1,138,0,0,0,1,-1
23,-1,13,94720,4,1,1,84,0,0,1,0,-1
62,38,58,94720,4,1.2,2,228,0,0,0,1,-1
31,7,18,94720,1,0.4,3,0,0,0,1,0,-1
53,29,95,94720,4,1,2,0,0,0,1,1,-1
48,22,80,94720,3,1.1,1,0,0,0,0,0,-1
40,14,30,94720,2,0.8,3,86,0,0,0,0,-1
35,11,14,94720,4,1,1,0,0,1,1,1,-1
45,18,163,94720,3,5.33,2,0,0,1,0,1,1
29,3,73,94720,3,0.3,3,0,0,0,0,0,-1
54,29,54,94720,2,2.1,3,97,0,0,0,0,-1
61,37,23,94720,3,0.4,2,0,0,0,0,0,-1
31,6,64,94720,2,2.5,1,0,0,0,1,0,-1
31,5,84,94720,4,1.8,2,0,1,0,1,0,-1
65,40,34,94720,1,1.1,3,119,0,0,1,1,-1
30,6,31,94720,3,1,2,142,0,0,0,0,-1
33,7,29,94720,1,0.6,3,0,0,0,0,0,-1
44,20,88,94720,1,4.7,1,0,0,0,0,0,-1
27,1,20,94720,4,0.4,1,99,0,0,1,0,-1
49,23,65,94720,2,0.4,3,232,0,0,0,1,-1
40,14,78,94720,4,1.4,2,194,0,0,1,1,-1
47,23,199,94720,2,6.67,1,0,0,0,1,0,-1
63,37,15,94720,2,0.4,1,0,0,0,0,0,-1
39,13,52,94720,1,2,1,0,0,0,0,1,-1
48,22,28,94720,1,1.4,3,75,0,0,1,0,-1
32,7,129,94720,4,5.2,2,0,0,0,0,1,1
31,5,43,94720,1,1.5,1,0,0,0,0,0,-1
31,6,83,94720,4,1.8,3,0,0,0,1,0,-1
53,29,63,94720,2,1,3,0,0,0,1,0,-1
56,32,23,94720,4,0.7,1,0,0,0,1,1,-1
41,15,82,94720,3,0.1,1,0,0,0,1,0,-1
57,31,38,94720,4,0.7,2,0,0,0,1,0,-1
35,11,90,94720,2,0,1,0,0,0,0,0,-1
58,33,70,94720,4,0.7,1,0,1,0,0,0,-1
41,17,129,94720,1,3.4,1,0,0,0,0,1,-1
55,31,20,94720,2,0.3,1,0,0,0,1,0,-1
46,21,68,94720,1,0.2,2,0,0,0,1,0,-1
61,37,158,94720,2,6,1,306,1,1,1,1,-1
40,10,29,94720,1,0.75,3,0,0,0,1,0,-1
66,41,25,94720,4,0.6,2,0,0,0,1,1,-1
33,8,178,94720,3,8.5,1,0,1,1,1,0,1
49,25,8,94720,1,0.3,1,97,0,0,0,0,-1
55,29,140,94720,2,2.7,1,0,0,0,1,0,-1
37,11,59,94720,4,0.2,3,0,0,0,0,0,-1
54,29,62,94720,4,0.7,1,0,0,0,0,1,-1
52,28,72,94720,1,1.6,3,0,0,0,1,0,-1
52,27,29,94720,1,1.5,2,159,0,0,0,1,-1
43,19,32,94720,4,0.3,1,0,0,0,0,0,-1
58,32,130,94720,2,2.7,1,0,0,0,1,0,-1
43,19,121,94720,1,0.7,2,0,0,1,1,1,1
48,23,30,94720,3,1.7,2,162,0,0,1,0,-1
53,28,41,94801,2,0.6,3,193,0,0,0,0,-1
28,4,81,94801,3,1.5,1,276,0,0,1,0,-1
62,36,92,94801,2,0.7,2,0,0,0,1,0,-1
39,15,72,94801,4,2.4,1,0,1,0,1,0,-1
40,14,42,94801,2,0.7,1,101,0,0,1,0,-1
62,37,125,94801,1,1,3,0,0,0,1,0,1
29,-1,71,94801,2,1.75,3,0,0,0,0,0,-1
40,15,143,94801,1,4.1,1,0,0,0,1,0,-1
41,16,109,94801,3,1,1,0,1,0,1,0,-1
27,1,130,94801,3,2.9,2,0,0,0,0,0,1
41,17,71,94801,2,3.2,1,0,0,0,1,1,-1
65,39,160,94803,4,3.8,1,237,0,0,1,0,1
28,4,43,94803,1,1.8,2,0,0,0,1,1,-1
60,34,23,94803,1,0.8,2,112,0,0,1,0,-1
51,25,45,94806,3,0.6,2,131,0,0,1,0,-1
43,17,72,94806,1,2.8,1,271,0,0,1,0,-1
54,30,39,94806,4,0.1,3,0,1,0,1,0,-1
31,7,135,94901,4,3.8,2,0,0,1,1,1,1
63,39,84,94901,1,1.8,3,0,0,0,0,0,-1
47,23,22,94901,4,0.6,1,0,0,0,1,1,-1
26,-1,44,94901,1,2,2,0,0,0,0,0,-1
54,29,60,94901,4,3.8,2,0,0,0,1,1,-1
65,41,133,94904,4,2,1,0,0,0,0,1,1
33,7,32,94904,1,0.6,3,152,0,0,0,0,-1
60,35,108,94904,1,0.9,1,0,1,0,0,0,-1
55,30,70,94904,3,2,2,0,0,0,1,1,-1
48,23,21,94904,1,0.1,1,0,0,0,0,0,-1
45,19,22,94904,3,1.5,1,0,0,0,1,1,-1
59,32,40,94920,4,2.5,2,0,0,0,1,0,-1
34,9,55,94920,3,2.3,1,0,1,1,1,1,-1
59,35,45,94920,1,1.8,3,0,0,0,1,0,-1
27,1,25,94920,4,0.3,2,0,0,0,1,1,-1
47,23,89,94920,1,2.6,2,0,1,1,1,1,-1
31,7,31,94920,4,0.4,2,79,0,0,0,0,-1
44,17,70,94920,3,2.67,2,0,0,0,0,0,-1
33,7,30,94920,2,2,3,132,0,0,0,0,-1
54,30,112,94920,2,6.8,1,0,0,0,1,0,-1
56,31,74,94920,3,1.6,3,0,0,0,1,1,-1
24,-2,50,94920,3,2.4,2,0,1,0,0,0,-1
60,35,24,94920,1,1.5,2,0,0,0,0,0,-1
52,26,158,94920,2,3.7,3,251,0,0,0,1,1
58,32,145,94920,2,0.5,1,119,0,0,1,0,-1
40,14,70,94923,4,1.4,2,0,0,0,1,0,-1
65,39,18,94923,2,0.4,1,0,1,1,1,1,-1
39,13,50,94923,3,0.5,3,0,0,0,0,0,-1
59,35,88,94923,2,1.6,1,0,0,0,0,1,-1
52,26,31,94923,4,1.8,1,0,0,0,1,1,-1
35,11,68,94923,2,0,1,126,0,0,0,1,-1
59,34,42,94928,3,1.5,1,0,1,1,0,1,-1
48,22,149,94928,2,5.5,2,0,1,1,1,0,1
49,25,161,94928,3,6.5,2,485,1,1,0,0,1
57,32,75,94928,2,3.7,1,236,0,0,1,0,-1
62,38,43,94928,4,1.2,2,0,0,0,1,0,-1
44,17,128,94928,2,3.25,2,0,0,0,0,1,1
60,34,101,94928,3,4.4,1,0,0,0,1,1,-1
36,12,109,94928,3,0.5,3,0,1,1,1,0,1
33,9,49,94928,1,2.4,2,0,0,0,1,0,-1
52,28,49,94928,4,1.1,2,0,0,0,1,0,-1
55,29,81,94928,4,4.9,1,209,0,0,1,0,-1
45,19,128,94928,4,6,3,0,0,0,1,0,1
65,40,64,94928,2,1.5,1,0,0,0,0,1,-1
42,17,29,94928,1,0.6,3,0,0,0,1,0,-1
54,29,85,94928,4,1.3,3,299,0,0,1,0,-1
61,35,63,94939,3,2.2,3,0,0,0,0,0,-1
51,25,41,94939,4,1.8,1,0,0,0,0,0,-1
39,14,34,94939,4,1.7,1,0,0,0,1,1,-1
44,20,62,94939,2,2.5,1,0,1,0,1,0,-1
56,26,91,94939,1,3,3,0,0,0,1,1,-1
52,28,51,94949,1,1.6,3,0,1,0,0,1,-1
59,35,11,94949,2,1,1,0,0,0,0,1,-1
43,19,40,94949,3,0.6,2,0,0,0,1,0,-1
51,25,104,94949,1,4.2,2,0,0,0,1,0,1
42,18,131,94949,1,3.4,1,0,0,0,0,1,-1
28,1,34,94949,4,1.5,2,162,0,0,0,1,-1
45,18,40,94960,3,1,2,0,0,0,1,0,-1
43,18,85,94960,1,3.7,3,327,1,0,1,0,-1
40,15,8,94960,2,0.1,2,0,0,0,0,0,-1
41,17,119,94960,2,6.1,1,263,1,0,1,0,-1
42,16,141,94960,3,4,2,0,0,0,0,0,1
33,8,162,94960,1,8.6,1,0,0,1,1,1,-1
60,36,49,94965,4,2.2,1,204,1,0,1,0,-1
45,21,33,94970,3,0.5,1,136,0,1,1,1,-1
37,13,78,94998,4,0.1,2,0,0,0,1,0,-1
54,29,68,94998,3,1.6,3,0,0,0,1,1,-1
42,17,61,94998,3,0.5,3,0,0,0,1,0,-1
63,39,32,94998,1,1.9,2,100,0,0,0,0,-1
48,23,132,94998,1,0.6,1,157,0,0,0,0,-1
60,33,55,94998,4,2.5,2,0,0,0,1,0,-1
53,28,38,94998,1,1.3,2,0,0,0,1,0,-1
53,27,139,94998,1,0.9,3,0,0,0,0,0,1
29,5,112,94998,2,4.33,1,0,0,0,1,1,-1
61,36,85,94998,3,1.8,2,0,0,0,0,0,-1
37,13,172,95003,2,6.5,1,0,0,0,0,0,-1
34,10,71,95003,1,0.1,1,257,0,0,1,1,-1
26,2,72,95003,4,2.6,1,0,0,0,1,0,-1
53,27,170,95003,1,1,1,0,0,0,1,0,-1
44,19,34,95005,4,0,2,0,0,0,0,0,-1
31,6,175,95005,2,6.7,1,0,0,0,1,0,-1
31,7,81,95006,2,2,2,0,0,1,1,1,-1
52,27,45,95006,1,1.3,2,0,0,0,0,0,-1
58,33,51,95006,2,1.9,2,0,0,0,0,0,-1
29,5,92,95006,2,0.6,1,0,0,0,1,0,-1
34,10,61,95006,3,2,1,0,0,0,0,1,-1
54,28,80,95006,4,2.6,3,143,0,0,0,0,-1
31,7,170,95006,1,6,1,0,0,0,1,0,-1
41,17,138,95008,3,6.9,2,0,0,0,1,0,1
45,20,59,95008,1,2.4,1,0,1,1,1,0,-1
50,26,115,95008,1,1.2,3,0,0,0,0,1,1
39,13,74,95008,3,0.9,2,155,0,0,1,0,-1
45,20,41,95008,1,0.3,1,0,0,0,1,0,-1
30,4,63,95008,4,2.2,2,0,1,0,1,0,-1
42,18,52,95008,4,1.9,1,0,0,0,1,0,-1
58,33,9,95008,2,0.2,3,0,0,0,1,0,-1
54,28,45,95008,3,1.4,1,0,0,0,0,1,-1
62,37,31,95008,3,0.2,1,0,0,0,1,0,-1
59,35,91,95008,2,1.6,1,0,1,0,0,1,-1
38,14,130,95010,4,4.7,3,134,0,0,0,0,1
41,15,75,95010,1,1.5,3,0,0,0,1,0,-1
33,9,42,95010,1,2.1,3,0,0,0,1,0,-1
61,36,18,95010,1,1.3,1,0,0,0,0,0,-1
39,14,43,95014,3,0.7,2,153,0,0,1,0,-1
41,15,80,95014,1,5.2,1,0,0,0,0,0,-1
55,25,41,95014,3,1,3,0,0,0,1,0,-1
60,34,15,95014,1,0.8,2,0,0,0,1,0,-1
30,6,141,95014,2,4.33,1,0,0,0,0,0,-1
28,3,170,95014,1,0.1,3,0,0,0,0,0,1
65,40,95,95014,3,3.7,2,138,0,0,0,1,1
28,3,65,95014,3,2.6,3,0,1,0,0,0,-1
64,40,43,95014,1,1.9,2,0,0,0,1,0,-1
32,2,71,95014,2,1.75,3,108,0,0,0,0,-1
62,38,99,95014,4,1.7,2,0,0,0,1,0,-1
54,28,74,95014,2,1.1,1,0,0,0,1,0,-1
51,24,21,95014,2,1,2,0,0,0,1,0,-1
28,2,9,95014,1,0.1,2,0,0,0,1,0,-1
32,6,111,95014,2,1.5,3,0,0,0,0,0,-1
34,10,43,95014,1,1.7,1,142,0,0,0,1,-1
58,32,163,95014,2,0.5,1,400,0,0,0,0,-1
54,29,154,95014,1,2.4,2,352,0,0,1,0,1
56,32,33,95014,3,1.5,1,0,0,0,0,0,-1
60,34,64,95014,3,2.2,3,0,0,0,0,0,-1
62,37,169,95014,3,5,2,184,0,1,1,1,1
34,8,14,95014,4,0.3,1,0,0,0,0,0,-1
51,25,62,95014,2,1.5,2,0,0,0,1,1,-1
35,8,30,95014,4,1,2,0,1,0,0,0,-1
57,32,59,95014,2,3.7,1,134,0,0,1,0,-1
34,9,65,95014,3,0.7,2,104,0,0,1,0,-1
30,5,14,95014,4,0.5,3,0,0,0,1,0,-1
56,32,84,95014,2,1.6,1,0,0,0,1,0,-1
41,16,25,95014,2,0.1,2,0,0,0,0,1,-1
55,28,50,95020,3,1,2,0,0,0,1,1,-1
38,14,102,95020,2,1.9,1,0,0,1,1,1,-1
36,6,25,95020,1,0.67,3,0,0,0,1,0,-1
30,4,18,95020,4,0.3,2,0,0,0,1,1,-1
45,21,73,95020,1,0.8,3,0,0,0,1,0,-1
58,32,42,95020,3,1.4,3,158,0,0,0,1,-1
44,20,30,95020,4,0.3,1,0,0,0,0,1,-1
62,36,58,95020,1,2.8,2,0,0,0,0,1,-1
43,17,80,95020,3,0.1,1,0,0,1,1,1,-1
53,29,132,95020,2,0.3,1,403,0,0,0,0,-1
41,16,79,95020,1,4,3,225,0,0,1,0,-1
62,36,28,95020,3,0.7,2,0,0,0,1,0,-1
60,34,139,95020,4,0.4,1,0,0,0,1,0,1
26,2,85,95020,2,2.5,1,0,0,0,0,0,-1
29,3,45,95023,4,0.2,1,158,0,0,1,1,-1
25,1,113,95023,2,0.2,1,0,0,0,1,1,-1
32,8,43,95023,1,2.1,3,0,0,0,0,1,-1
29,3,84,95023,1,2.9,3,0,0,0,1,0,-1
46,21,9,95023,2,0.7,3,0,0,0,1,0,-1
50,25,79,95023,1,2.9,1,307,0,0,0,1,-1
62,38,124,95023,1,3.8,1,405,0,0,1,0,-1
49,23,60,95023,3,0.7,2,142,0,0,1,1,-1
55,25,58,95023,4,2,3,219,0,0,0,1,-1
57,31,82,95032,2,2,1,83,0,0,0,1,-1
31,5,93,95032,2,3.1,2,0,0,0,1,0,1
35,10,30,95032,3,1.3,1,0,1,1,1,1,-1
63,37,110,95032,1,4.1,3,0,0,0,0,0,1
35,5,203,95032,1,10,3,0,0,0,0,0,1
33,8,39,95032,3,2.3,1,0,0,0,0,0,-1
53,29,61,95032,4,1.6,2,0,0,0,1,0,-1
44,20,113,95032,2,3.3,1,0,0,0,1,1,-1
26,0,42,95032,4,1.3,3,0,1,0,0,0,-1
44,20,43,95032,1,0.7,1,0,0,0,0,1,-1
53,29,98,95035,3,1.8,2,0,0,0,0,0,-1
59,32,49,95035,4,2.5,2,0,0,0,1,0,-1
39,14,54,95035,3,3,1,108,0,0,0,1,-1
29,5,135,95035,2,0.6,1,0,0,0,0,0,-1
50,24,195,95035,1,1.7,1,0,0,0,0,0,-1
63,37,165,95035,4,5.1,3,0,0,0,0,0,1
39,15,41,95035,1,2,2,176,0,0,1,0,-1
59,33,140,95035,2,0.5,1,262,0,0,1,0,-1
59,34,21,95035,2,0.5,2,0,0,0,1,0,-1
36,10,73,95035,2,2.8,1,0,0,0,1,1,-1
39,14,104,95035,1,4,3,0,0,1,1,1,-1
43,18,21,95037,2,1.4,2,0,0,0,1,1,-1
46,20,111,95037,1,0,1,329,0,0,0,0,-1
43,13,33,95039,1,0.75,3,0,0,0,0,0,-1
54,28,89,95039,1,1.9,2,0,0,0,1,1,-1
39,15,118,95039,2,1.9,1,0,0,0,0,1,-1
51,27,42,95039,4,1.1,2,0,0,0,1,1,-1
50,26,38,95039,4,0.9,2,0,0,0,1,0,-1
62,37,55,95039,3,0.9,3,0,0,0,1,0,-1
54,30,120,95039,1,7.4,1,119,0,0,1,1,-1
29,4,73,95039,1,0.8,2,0,0,0,1,0,-1
62,36,69,95039,2,1.7,3,0,0,0,1,0,-1
45,15,28,95039,1,0.75,3,0,1,0,0,0,-1
48,22,150,95039,1,7.3,1,193,0,0,0,0,-1
39,13,52,95039,3,0.5,3,0,1,0,0,1,-1
57,32,31,95039,3,1.3,2,0,0,0,1,1,-1
58,34,90,95039,1,3.6,2,0,0,0,0,0,1
38,13,163,95039,1,4.1,1,0,0,0,0,0,-1
46,22,102,95039,3,4.5,3,0,0,0,1,0,1
43,18,60,95039,2,2.2,3,115,0,0,0,0,-1
54,30,121,95039,2,1.1,3,0,1,0,0,0,1
39,15,31,95039,1,1.4,3,88,0,0,1,1,-1
25,0,91,95039,2,1.8,2,321,0,0,0,0,-1
60,36,129,95039,2,6,1,0,0,0,0,0,-1
64,38,143,95039,2,6.4,3,0,1,1,1,0,1
43,18,59,95039,3,0.8,3,91,0,0,1,0,-1
43,19,129,95039,1,5,1,0,1,0,1,0,-1
34,10,38,95039,1,1.33,1,0,1,0,1,0,-1
29,5,31,95039,1,1.8,2,0,0,0,1,1,-1
24,-1,38,95045,2,1.7,2,0,0,0,1,0,-1
35,10,79,95045,4,2.1,3,0,1,0,1,0,-1
35,8,44,95045,4,1,2,192,0,0,0,1,-1
25,-2,35,95045,4,1,3,0,0,0,1,0,-1
31,1,68,95045,4,4,3,0,0,0,1,0,-1
45,19,83,95051,2,1.7,2,0,0,0,1,0,-1
36,12,65,95051,3,2.6,2,0,0,0,1,0,-1
31,6,58,95051,2,2.5,1,0,0,0,0,1,-1
30,5,41,95051,4,1.7,2,0,0,0,1,0,-1
44,20,79,95051,4,2,3,0,1,1,1,1,-1
62,37,85,95051,4,3.4,2,0,0,0,1,0,-1
37,13,89,95051,2,1.7,2,314,0,0,0,1,-1
29,3,39,95051,4,2.1,3,0,0,0,1,0,-1
35,10,182,95051,1,0.3,2,229,0,1,1,1,1
55,29,61,95051,4,2.8,2,0,0,0,1,1,-1
38,14,35,95051,1,1.5,2,97,0,0,1,0,-1
62,37,162,95051,1,1.3,1,0,0,0,1,0,-1
36,12,25,95051,4,1,1,0,0,0,1,0,-1
60,36,31,95051,3,0.4,2,0,0,0,1,1,-1
26,0,149,95051,2,7.2,1,154,0,0,0,0,-1
49,24,82,95051,1,2.9,1,267,0,0,1,0,-1
53,29,93,95051,1,2.7,2,256,0,0,1,0,-1
51,25,181,95051,1,3.3,3,589,1,1,1,0,1
52,28,44,95051,4,0.9,2,107,0,0,1,0,-1
55,29,54,95051,2,2.3,3,93,0,0,0,0,-1
57,33,170,95051,2,2.1,2,0,0,0,0,0,1
33,8,78,95051,3,0.6,2,0,0,0,1,0,-1
34,8,175,95051,4,1.1,3,0,1,1,1,1,1
49,23,115,95051,3,4.6,3,0,0,0,0,0,1
50,26,82,95051,1,0,1,0,0,0,1,1,-1
43,17,45,95051,2,0.7,1,0,0,0,0,0,-1
62,36,81,95051,3,4.4,1,0,0,0,0,1,-1
36,11,164,95051,2,7.8,1,0,0,0,1,1,-1
33,7,84,95051,1,2.9,3,0,0,0,1,0,-1
45,21,29,95051,1,0.3,3,105,0,0,1,1,-1
53,28,181,95051,1,8.1,1,0,0,0,1,0,-1
51,25,173,95051,1,0.5,2,0,0,0,1,0,1
56,32,88,95051,4,1,2,0,0,0,1,1,-1
47,21,32,95051,3,1.5,1,75,0,0,1,0,-1
61,35,80,95053,2,2.8,1,0,0,0,1,0,-1
48,23,45,95053,1,1.3,2,0,0,0,1,0,-1
43,17,64,95053,4,3,3,221,0,0,1,0,1
42,17,23,95053,2,0,3,0,0,0,0,0,-1
53,29,90,95053,2,0.3,1,217,1,0,0,1,-1
50,24,81,95053,2,0.4,3,0,0,0,0,0,-1
57,33,80,95053,4,1.6,2,0,0,0,0,0,-1
45,20,198,95053,2,2.8,1,0,0,0,1,1,-1
48,23,191,95053,2,2.8,1,231,0,0,0,1,-1
43,19,28,95053,4,0.3,1,96,0,0,1,0,-1
38,14,43,95053,2,1.7,1,0,0,0,1,0,-1
51,27,43,95053,4,1.1,2,164,0,0,1,1,-1
60,30,22,95054,1,1.5,3,0,0,0,1,1,-1
49,25,128,95054,2,0.4,1,0,0,0,0,0,-1
57,31,165,95054,1,1.6,2,0,0,0,1,0,1
32,8,98,95054,2,2,2,175,0,0,1,0,-1
46,20,39,95054,1,0.2,1,0,0,0,0,0,-1
57,33,95,95054,2,1.6,1,0,0,0,0,0,-1
32,6,112,95054,4,1.8,2,0,0,0,1,0,-1
53,23,65,95054,4,2,3,0,0,0,1,0,-1
46,21,80,95054,4,0.4,1,0,0,0,1,1,-1
43,19,128,95054,1,4.7,1,0,0,0,1,0,-1
49,19,169,95054,3,5.67,3,167,0,1,0,1,1
43,16,201,95054,1,10,2,0,0,0,0,1,1
49,25,13,95054,3,0.4,1,106,0,0,1,0,-1
36,11,158,95054,2,7.8,1,114,0,0,1,1,-1
37,11,19,95054,3,0.2,2,0,0,0,1,0,-1
56,32,90,95054,2,0.3,1,0,0,0,1,1,-1
50,24,31,95054,1,0.3,3,0,0,0,0,0,-1
45,21,91,95054,1,4.7,1,0,0,0,1,0,-1
34,9,32,95054,4,1.1,3,0,0,0,1,0,-1
35,10,24,95054,4,1.1,3,0,0,0,0,0,-1
33,9,139,95054,1,4.3,1,0,0,0,0,0,-1
30,4,11,95054,1,0.1,2,0,0,0,1,1,-1
43,19,52,95054,4,2.2,2,0,0,0,0,0,-1
34,9,40,95054,4,2,2,0,0,0,1,1,-1
38,12,58,95054,2,2.8,1,0,0,0,1,0,-1
43,19,71,95054,3,0.3,3,179,0,0,0,0,-1
33,9,30,95054,2,1,2,0,0,0,1,0,-1
33,7,188,95054,2,7,2,581,0,0,0,0,1
48,22,42,95054,3,0.6,2,121,0,0,1,0,-1
44,19,142,95054,1,1.5,3,0,0,0,0,0,1
32,6,98,95054,2,4.5,3,306,0,0,0,0,-1
40,15,173,95060,4,6.6,1,0,0,1,1,1,1
44,20,150,95060,2,3.3,1,0,0,0,0,1,-1
53,28,175,95060,3,3.6,3,0,0,1,1,1,1
35,10,139,95060,2,7.8,1,0,0,0,0,0,-1
44,20,68,95060,1,0.8,3,91,0,0,0,0,-1
55,31,12,95060,2,0.2,1,76,0,0,1,1,-1
35,8,38,95060,4,1,2,0,0,0,1,0,-1
52,28,8,95060,1,0.3,1,0,0,0,1,0,-1
38,14,91,95060,2,0,1,0,0,0,1,0,-1
34,10,34,95060,1,1.5,2,111,0,0,0,1,-1
46,22,83,95060,1,2.7,1,0,0,0,1,0,-1
36,12,123,95060,2,5.6,2,0,0,1,1,1,1
62,37,41,95060,3,0.9,3,0,0,0,1,1,-1
41,15,63,95060,1,0.7,3,79,0,0,0,1,-1
64,40,52,95060,2,1.1,1,226,0,0,0,0,-1
60,30,31,95060,1,1.5,3,0,0,0,1,0,-1
35,10,48,95060,1,2.5,3,164,0,0,1,0,-1
27,2,158,95060,3,0.4,2,0,0,1,1,0,1
57,33,149,95060,1,4.7,1,0,1,0,0,0,-1
54,30,22,95060,2,0.4,1,89,0,0,1,0,-1
38,8,21,95060,1,0.67,3,0,0,0,1,0,-1
65,40,71,95060,3,2.2,1,0,0,0,0,1,-1
45,19,40,95060,1,0.2,1,0,1,1,1,1,-1
34,10,83,95060,2,2,2,148,0,0,0,0,-1
34,8,52,95060,4,0.2,1,0,0,0,1,0,-1
40,16,83,95064,4,0.2,3,0,0,0,0,0,-1
30,5,38,95064,4,2,2,0,1,0,0,0,-1
62,38,64,95064,4,2.2,1,123,1,1,1,1,-1
47,20,25,95064,3,0.67,2,0,0,0,1,1,-1
29,4,59,95064,4,2.2,1,232,0,0,1,1,-1
44,19,99,95064,3,3.5,3,357,0,0,0,0,1
65,40,98,95064,3,1.8,2,333,0,0,0,0,-1
52,28,15,95064,1,0.2,1,0,0,0,1,0,-1
55,29,172,95064,1,5.2,2,0,0,0,0,0,1
59,33,100,95064,2,2,1,127,0,0,0,0,-1
31,5,35,95064,1,0.6,3,171,0,0,0,0,-1
61,35,40,95064,1,0.8,2,128,0,0,1,0,-1
42,18,90,95064,4,0.8,1,245,1,0,0,0,-1
44,17,25,95064,3,1,2,0,0,0,0,1,-1
61,36,119,95064,2,5.4,2,0,0,0,1,0,1
59,33,68,95064,2,2.3,3,0,1,0,0,0,-1
27,2,20,95064,4,0.5,3,0,0,0,1,0,-1
36,10,78,95064,2,4.5,3,204,0,0,1,1,-1
52,28,38,95064,4,0.9,2,0,0,0,0,1,-1
23,-1,12,95064,4,1,1,0,1,0,0,1,-1
35,9,82,95064,3,0.9,2,0,0,0,1,0,-1
56,32,58,95064,1,1.8,3,241,0,0,1,0,-1
39,14,161,95064,1,4.1,1,509,1,0,0,0,-1
42,16,62,95064,3,0.9,3,0,0,0,1,0,-1
26,2,20,95064,4,1,1,116,0,0,0,0,-1
39,13,41,95064,2,0.3,1,108,0,0,1,1,-1
57,32,42,95070,3,0.5,2,0,1,0,1,0,-1
57,31,30,95070,3,1.4,1,0,0,0,0,0,-1
55,29,131,95070,2,0.7,2,0,0,0,0,1,1
41,16,155,95070,1,7,1,0,0,0,0,0,-1
53,27,62,95070,3,3,2,0,1,0,0,0,-1
64,39,24,95112,4,0.4,2,78,0,0,1,0,-1
34,8,28,95112,3,0.9,1,0,0,0,0,0,-1
38,12,138,95112,2,0,1,0,1,0,1,0,-1
46,21,44,95112,1,0.3,1,110,1,0,1,0,-1
30,3,33,95112,4,1.5,2,85,0,0,0,0,-1
62,32,142,95112,2,2.8,3,0,0,0,0,1,1
32,7,81,95112,4,1.8,3,0,0,0,1,0,-1
53,27,92,95120,2,1.1,1,0,1,0,0,0,-1
35,9,84,95120,4,2.2,2,322,0,0,0,0,-1
39,13,31,95120,2,0.8,3,0,0,0,0,0,-1
27,1,43,95120,3,1.1,2,0,0,0,0,0,-1
35,9,103,95120,2,4.5,3,0,0,0,1,0,-1
59,33,111,95120,3,4.4,1,0,0,0,1,0,-1
42,17,108,95120,3,1,1,383,0,0,1,0,-1
37,11,61,95120,3,0.9,2,0,0,0,0,0,-1
58,34,84,95120,4,1.6,2,0,0,0,1,0,-1
53,23,45,95123,4,2,3,132,1,0,0,0,-1
35,11,59,95123,4,0.1,2,0,0,0,0,0,-1
55,30,28,95123,1,1.5,2,0,0,0,0,0,-1
58,32,108,95123,3,4.4,1,0,0,0,1,0,-1
37,11,81,95123,3,0.9,2,0,0,0,1,1,-1
54,24,72,95123,3,1.4,3,0,0,0,0,1,-1
56,30,64,95123,3,0.3,2,0,0,0,0,1,-1
56,31,25,95123,3,0.1,2,0,0,0,0,0,-1
47,23,40,95123,2,2.1,3,156,0,0,1,0,-1
40,16,125,95125,2,2.2,1,0,0,0,1,0,-1
61,37,50,95125,4,1.3,2,0,0,0,0,1,-1
36,12,93,95125,2,2.2,1,0,0,0,1,0,-1
59,34,145,95125,4,1.8,1,198,0,0,1,0,1
54,30,64,95126,1,1.8,3,227,0,0,0,1,-1
25,0,52,95126,3,2.6,3,159,0,0,0,0,-1
42,18,50,95126,4,2.2,2,0,0,0,0,0,-1
45,18,42,95126,3,2.5,2,0,0,0,0,0,-1
43,18,29,95126,1,0.5,3,0,0,0,1,0,-1
36,10,45,95126,4,0.2,1,0,0,0,0,1,-1
31,7,8,95131,4,0.7,2,0,0,0,0,0,-1
44,18,75,95131,1,0.7,3,0,0,0,0,1,-1
37,13,61,95131,3,2.8,1,0,0,0,0,0,-1
24,0,135,95133,1,1.5,1,0,0,0,1,0,-1
50,24,161,95133,3,3.4,1,212,0,0,1,0,1
32,7,125,95133,1,0,1,0,0,0,1,1,-1
57,31,131,95133,2,2.7,1,394,0,0,0,1,-1
31,5,72,95133,4,1.8,2,242,0,0,1,1,-1
33,9,14,95133,3,0.9,3,114,0,0,0,0,-1
26,1,39,95133,4,0.6,2,0,0,0,0,1,-1
57,33,91,95133,1,4.3,1,81,1,0,0,0,-1
45,18,81,95133,3,2.67,2,251,0,0,1,1,-1
66,40,30,95133,2,0.7,3,86,0,0,0,0,-1
61,36,139,95133,2,3.9,1,0,0,0,0,0,-1
50,25,24,95133,4,0.4,2,137,0,0,1,0,-1
60,36,41,95134,4,1.3,1,174,0,0,1,1,-1
49,23,71,95134,1,1.4,3,0,0,0,0,0,-1
54,30,45,95134,4,1.1,2,205,0,0,1,0,-1
28,1,40,95134,1,2,2,0,1,0,1,0,-1
49,25,53,95134,2,1,3,181,0,0,0,0,-1
55,29,53,95134,1,1.4,1,0,0,0,0,0,-1
43,16,161,95134,3,8,2,0,0,1,1,1,1
43,17,91,95134,1,5.2,1,0,1,0,0,0,-1
32,8,65,95134,1,1.2,1,268,0,0,1,0,-1
34,9,65,95134,4,1.3,1,0,0,0,0,1,-1
64,39,101,95134,4,3.4,2,0,0,0,0,1,-1
52,26,62,95134,4,2.8,2,0,0,0,1,0,-1
62,38,33,95134,3,0.1,3,0,0,0,1,0,-1
66,41,38,95134,1,1.1,3,0,0,0,0,1,-1
34,8,85,95134,1,2.5,1,136,0,0,0,1,-1
38,14,25,95135,4,0.4,2,101,0,0,1,0,-1
27,1,141,95135,4,5.1,3,354,0,0,0,0,1
46,22,135,95135,3,4.1,1,213,0,0,1,0,1
33,7,32,95136,1,0.6,3,166,0,0,1,0,-1
58,28,122,95136,1,3,3,115,0,0,1,0,1
51,26,62,95136,1,1.3,2,221,0,0,1,0,-1
40,14,70,95136,3,2.1,1,185,0,0,0,0,-1
63,38,8,95136,4,0.6,2,0,0,0,1,0,-1
38,14,71,95136,4,2,3,0,0,0,0,0,-1
33,9,105,95136,1,4,1,0,0,0,1,0,-1
43,19,172,95136,2,6.67,1,0,0,0,1,0,-1
28,4,82,95136,4,0,1,0,0,0,1,1,-1
60,35,153,95136,3,2,3,0,0,0,0,1,1
46,21,170,95136,2,2.8,1,0,0,0,0,0,-1
61,35,91,95136,2,2,1,0,0,0,1,0,-1
28,4,101,95136,3,2.5,1,270,0,0,0,0,-1
42,18,135,95136,2,3.3,1,0,1,1,1,1,-1
32,8,42,95136,1,0.2,3,102,0,0,1,0,-1
45,21,85,95136,2,3.2,1,0,1,0,1,0,-1
36,12,150,95138,4,5.4,1,0,1,1,1,0,1
27,2,155,95138,1,0.8,1,0,0,0,0,0,-1
27,3,123,95138,1,5.4,1,0,0,0,0,0,-1
52,27,25,95138,2,0,1,0,0,0,1,1,-1
51,25,190,95138,2,4.2,2,0,0,0,1,0,1
57,32,64,95138,3,1.6,3,0,0,0,1,0,-1
50,26,40,95138,4,1.1,2,131,0,0,0,0,-1
32,8,104,95192,2,3.7,1,0,0,0,0,1,1
49,25,25,95192,4,1,1,0,0,0,1,1,-1
41,16,98,95192,3,1,1,296,0,0,0,0,-1
44,20,151,95193,1,3.5,1,392,0,0,1,0,-1
43,19,72,95193,4,0.2,3,0,0,0,1,0,-1
39,15,82,95207,1,0.8,2,0,0,0,1,0,-1
38,8,23,95207,1,0.67,3,0,0,0,0,0,-1
47,21,15,95207,4,0.6,3,77,0,0,1,0,-1
55,31,73,95207,3,2.67,1,219,0,0,1,0,-1
54,28,42,95207,4,2.5,1,0,0,0,1,1,-1
38,11,29,95207,4,1,2,0,0,0,1,0,-1
45,21,183,95211,2,1.4,1,354,0,0,0,0,-1
33,7,83,95211,1,2.5,1,0,1,1,1,1,-1
51,24,189,95211,4,4.75,2,0,0,0,1,0,1
54,30,39,95211,2,0.8,1,0,0,0,0,1,-1
37,13,58,95211,2,0.6,3,0,0,0,0,1,-1
56,31,35,95211,3,0.1,2,114,0,0,0,0,-1
30,6,44,95211,1,0.2,3,0,0,0,0,1,-1
43,19,58,95307,2,3.2,1,0,0,0,1,0,-1
46,20,111,95307,2,6.3,1,0,0,0,0,1,-1
56,31,82,95348,4,1.3,3,0,0,0,1,0,-1
57,32,19,95348,1,1.3,1,0,0,0,1,0,-1
40,14,69,95348,1,1.5,3,0,0,0,0,0,-1
36,10,183,95348,2,0,1,0,0,0,0,0,-1
42,16,20,95351,2,0.8,3,117,0,0,1,1,-1
54,30,21,95351,1,0.1,2,76,0,0,1,0,-1
44,18,33,95351,3,0.5,2,0,0,0,0,0,-1
29,5,113,95351,2,2,2,84,0,0,1,1,-1
30,4,34,95351,2,0.3,2,0,0,0,1,1,-1
26,2,119,95351,2,0.6,1,381,0,0,1,1,-1
43,17,21,95351,3,1.5,1,0,0,0,0,0,-1
35,10,85,95351,4,2.1,3,0,0,0,0,1,-1
42,18,49,95351,2,1.7,1,106,0,0,0,1,-1
27,1,80,95354,2,1.6,3,185,0,0,1,1,-1
60,34,65,95354,3,2.2,3,94,1,1,0,1,-1
29,4,182,95354,1,3.7,3,0,0,0,1,0,1
35,9,29,95354,3,0.9,1,126,0,0,1,0,-1
39,13,25,95370,3,0.2,2,0,0,0,1,0,-1
35,10,83,95370,4,0.7,3,315,0,0,1,0,-1
47,23,32,95370,1,1,1,0,0,0,0,1,-1
46,20,15,95370,4,0.6,3,0,1,0,1,0,-1
33,9,19,95370,2,1,2,92,0,0,1,0,-1
65,39,25,95370,2,0.4,1,113,0,0,1,0,-1
51,26,72,95370,1,2.9,1,0,0,0,0,0,-1
33,7,49,95403,4,2.2,2,0,0,0,1,0,-1
56,32,25,95403,1,0.1,2,136,0,0,1,0,-1
52,25,41,95403,3,1,2,0,0,0,1,0,-1
45,20,180,95403,3,8.5,2,535,0,0,0,0,1
49,23,100,95403,2,6.3,1,0,0,0,0,0,-1
31,5,29,95405,2,0.3,2,131,0,0,1,1,-1
52,26,28,95405,1,0.3,3,0,0,0,1,0,-1
23,-2,45,95422,4,0.6,2,0,0,0,1,1,-1
41,17,81,95422,1,0.8,2,223,0,0,1,0,-1
64,38,21,95422,1,0.8,2,76,0,0,0,1,-1
38,14,63,95422,1,3.6,2,0,1,0,1,0,-1
47,23,90,95449,1,2.7,1,323,0,0,0,0,-1
61,36,81,95449,3,1.8,2,0,0,0,1,0,-1
63,39,41,95449,2,1.1,1,0,0,0,0,0,-1
40,15,75,95449,4,1.1,2,0,0,0,1,0,-1
29,5,121,95449,1,1.5,1,0,0,0,1,0,-1
49,23,174,95449,3,4.6,2,590,0,0,0,0,1
31,5,82,95482,4,1.8,2,0,0,0,1,0,-1
48,22,145,95482,1,0.3,1,140,0,0,1,0,-1
42,17,168,95503,2,7.9,2,0,0,0,1,0,1
30,0,63,95503,2,1.75,3,0,0,0,1,0,-1
35,10,34,95503,4,1.7,1,87,0,0,1,1,-1
50,25,38,95503,1,1.4,3,0,0,0,1,0,-1
50,23,18,95503,2,1,2,88,0,0,1,1,-1
27,3,68,95503,4,0,1,0,0,0,0,1,-1
54,29,44,95518,2,2.3,3,187,0,0,1,0,-1
35,11,38,95518,1,1.7,1,0,0,0,0,1,-1
39,13,21,95518,3,0.2,2,0,0,0,1,0,-1
36,11,152,95521,2,3.9,1,159,0,0,0,1,-1
27,3,125,95521,2,0.6,1,0,0,0,0,0,-1
47,22,15,95521,2,0.7,3,0,0,0,0,0,-1
59,35,95,95521,1,3.8,1,0,0,0,1,1,-1
55,31,81,95521,3,2.67,1,0,0,0,1,0,-1
35,11,24,95521,4,0.4,2,0,0,0,0,0,-1
55,30,40,95521,2,2.3,3,0,0,0,1,0,-1
65,41,45,95521,3,0.1,3,0,0,0,1,0,-1
26,1,102,95521,1,1.9,1,0,0,0,0,0,-1
46,22,198,95521,2,6.67,1,0,0,0,0,1,-1
60,34,61,95521,4,1.7,2,229,0,0,0,0,-1
49,23,39,95521,4,2.6,1,0,0,0,0,0,-1
49,23,41,95521,4,0.1,1,153,0,0,1,0,-1
55,29,78,95521,1,0.8,3,190,0,0,1,0,-1
59,35,168,95521,4,4.1,2,0,0,0,1,0,1
33,9,20,95521,4,0.7,2,0,0,0,1,0,-1
56,31,53,95521,2,1.6,3,78,0,0,0,0,-1
24,0,59,95521,4,1.6,1,0,0,0,0,0,-1
44,19,82,95521,2,0.4,1,0,0,0,1,1,-1
38,13,41,95521,3,0.5,3,0,0,0,0,1,-1
61,36,23,95521,1,0.1,1,96,0,0,0,0,-1
47,23,63,95521,1,0.8,3,0,0,0,1,0,-1
36,12,18,95521,4,1,1,0,0,0,1,1,-1
49,25,195,95605,4,3,1,617,0,0,0,0,1
52,28,64,95605,2,1,3,211,0,0,1,0,-1
27,3,118,95605,1,3.3,2,0,0,0,1,0,1
35,10,31,95605,3,1.3,1,0,0,0,0,0,-1
30,5,123,95605,2,3.1,1,0,0,0,1,0,-1
30,5,61,95605,1,0.8,2,251,1,1,1,0,-1
53,27,145,95605,1,2.9,1,345,0,0,0,0,-1
45,19,70,95605,1,2.8,1,0,0,0,0,1,-1
33,7,44,95605,1,0.3,1,0,0,0,0,0,-1
39,15,45,95616,1,0.7,1,0,0,0,1,0,-1
56,31,131,95616,2,1.2,3,0,0,0,0,0,1
48,23,45,95616,1,0.3,1,0,0,0,1,1,-1
38,12,91,95616,4,1.4,2,100,0,0,0,1,-1
26,1,80,95616,1,0.8,2,150,0,0,0,0,-1
30,5,74,95616,4,2.2,1,0,1,0,0,1,-1
52,27,80,95616,1,1.3,3,0,0,1,1,1,-1
55,29,73,95616,2,2.3,3,0,0,0,1,1,-1
43,19,161,95616,2,7.5,1,0,0,0,0,0,-1
34,9,48,95616,1,2.5,3,105,0,0,1,0,-1
44,19,34,95616,1,0.3,3,78,0,0,1,0,-1
43,18,140,95616,1,7,1,205,0,0,1,0,-1
37,11,34,95616,3,0.2,2,0,0,0,0,0,-1
49,25,30,95616,4,0.2,1,0,0,1,1,1,-1
61,36,21,95616,4,0.4,2,123,0,0,0,0,-1
33,3,74,95616,4,4,3,0,0,0,0,0,-1
38,12,53,95616,2,2.4,2,0,0,0,1,0,-1
57,33,24,95616,4,0.7,1,0,0,0,1,0,-1
27,3,98,95616,2,2.5,1,361,1,1,1,1,-1
28,4,43,95616,3,0.1,2,0,0,0,1,0,-1
64,34,50,95616,4,1.67,3,0,0,0,1,0,-1
39,14,42,95616,1,2.5,3,0,0,0,1,0,-1
55,28,38,95616,3,1,2,0,0,0,1,0,-1
52,27,35,95616,4,0.2,2,0,0,0,1,0,-1
64,39,83,95616,3,1.8,2,0,0,0,1,0,-1
27,2,92,95616,2,3.1,1,178,0,0,1,0,-1
62,36,21,95616,3,0.3,3,0,0,0,0,0,-1
60,36,145,95616,4,6.9,1,380,0,0,0,1,1
39,13,139,95616,3,3.4,1,483,0,0,1,0,1
65,41,105,95616,4,1.7,2,230,1,0,1,0,-1
27,3,72,95616,4,0,1,0,0,0,1,0,-1
46,22,83,95616,3,0.7,1,0,0,0,0,0,-1
29,3,55,95616,3,1.1,2,0,0,0,1,0,-1
57,31,43,95616,1,0.2,1,0,0,0,0,0,-1
50,24,80,95616,4,4.9,1,0,0,0,1,0,-1
28,2,43,95616,4,1.3,3,0,0,0,1,1,-1
42,17,82,95616,1,3.7,3,0,0,0,1,0,-1
43,18,83,95616,2,3.8,3,112,0,0,0,0,-1
48,24,54,95616,1,1.6,2,186,0,0,1,0,-1
44,19,30,95616,4,0,2,0,0,0,1,0,-1
42,17,72,95616,4,1.1,2,203,0,0,0,1,-1
39,13,80,95616,2,1.8,1,0,0,0,1,0,-1
35,8,52,95616,2,1,2,0,0,0,0,1,-1
51,24,23,95616,1,0.5,2,0,0,0,1,0,-1
60,34,60,95616,1,2.5,3,103,0,0,0,0,-1
26,1,80,95616,4,0.2,1,0,0,0,1,1,-1
41,17,28,95616,1,0.7,1,0,0,0,0,1,-1
33,7,58,95616,4,2.2,2,0,0,0,1,1,-1
38,12,93,95616,1,5.2,1,267,0,0,1,0,-1
54,28,30,95616,4,0.7,2,0,0,0,1,0,-1
44,18,90,95616,4,2.6,3,0,0,0,1,0,-1
62,38,52,95616,4,1.3,2,0,0,0,1,1,-1
57,31,120,95616,2,2,1,0,0,0,0,1,-1
26,1,50,95616,4,0.6,2,0,0,0,0,0,-1
48,22,152,95616,1,0,1,0,0,0,0,0,-1
40,14,33,95616,2,0.8,3,89,0,0,1,0,-1
50,25,38,95616,1,1.3,2,120,0,0,0,1,-1
54,30,44,95616,3,1.5,1,117,0,0,1,0,-1
59,35,39,95616,4,1.3,1,0,0,0,1,0,-1
27,3,20,95616,4,1,1,134,0,0,1,1,-1
57,32,22,95616,3,0.1,2,0,0,0,1,0,-1
55,31,63,95616,3,2.67,1,0,0,0,1,0,-1
34,9,141,95616,2,4.9,3,0,0,0,0,1,1
42,18,45,95616,1,0.7,1,0,1,0,1,0,-1
26,0,85,95616,2,1.6,3,0,0,0,0,0,-1
55,31,23,95616,2,0.3,1,0,0,0,1,1,-1
48,22,19,95616,2,0.1,3,106,0,0,0,0,-1
31,7,140,95616,1,4,1,0,0,0,0,1,-1
67,41,114,95616,4,2.4,3,0,0,0,1,0,-1
25,-1,13,95616,4,0.4,1,0,1,0,0,0,-1
39,13,78,95616,1,2.8,3,0,0,0,0,0,-1
34,10,84,95616,4,0.1,2,0,0,0,1,0,-1
65,41,42,95616,1,1.9,2,0,0,0,0,0,-1
32,8,58,95616,3,2,1,90,0,0,1,0,-1
34,8,79,95616,1,2.5,1,0,0,0,1,0,-1
58,34,149,95616,2,6,1,0,0,0,1,1,-1
58,33,24,95616,2,0.5,2,0,0,0,1,0,-1
43,13,38,95616,3,2,3,0,0,0,1,0,-1
40,15,22,95616,2,1.4,2,0,0,0,1,1,-1
39,13,59,95616,3,0.5,3,0,0,0,0,0,-1
53,27,84,95616,2,1.1,1,0,0,0,1,0,-1
37,12,28,95616,4,1.7,1,0,1,1,1,0,-1
32,7,82,95616,2,2.5,1,221,0,0,1,1,-1
34,8,20,95616,2,0.3,1,106,0,0,1,1,-1
31,7,10,95616,4,0.7,2,0,0,0,1,0,-1
31,6,44,95616,4,0.8,1,122,0,0,1,0,-1
45,19,31,95616,3,0.5,2,0,0,0,1,1,-1
67,43,79,95616,4,1.7,2,215,0,1,1,1,-1
31,4,20,95616,4,1.5,2,0,0,0,1,0,-1
43,18,63,95616,3,0.8,3,0,1,0,0,0,-1
35,11,24,95616,1,0.5,3,0,0,0,1,1,-1
53,23,8,95616,4,0.4,3,0,1,0,1,0,-1
38,14,25,95616,4,1,1,0,0,0,0,0,-1
49,23,108,95616,2,2.4,2,0,0,0,1,0,-1
63,38,102,95616,4,3.4,2,0,0,0,0,0,-1
41,15,93,95616,1,2.8,3,0,0,0,1,0,-1
59,35,52,95616,4,1.5,1,0,0,0,1,1,-1
49,22,78,95616,3,2,2,0,0,0,1,0,-1
50,25,90,95616,1,2.8,2,0,0,0,1,0,-1
38,14,82,95616,4,2.67,1,0,0,0,0,0,-1
51,25,45,95616,4,2.6,1,0,0,0,0,0,-1
46,20,73,95616,2,0.8,3,264,0,1,1,1,-1
41,16,78,95616,4,0.4,1,0,0,0,1,0,-1
65,40,143,95616,4,6.6,2,0,0,0,1,0,1
33,7,35,95616,4,0.8,1,0,0,0,1,0,-1
59,35,43,95616,4,1.3,1,0,0,0,1,0,-1
52,28,20,95616,1,0.3,1,0,0,0,0,0,-1
60,34,83,95616,2,1.4,1,75,1,0,1,0,-1
44,20,72,95616,3,0.3,3,0,0,0,1,0,-1
31,7,18,95616,1,0.4,3,0,0,0,1,0,-1
46,21,115,95616,2,4.2,3,0,1,1,1,1,1
37,12,60,95616,4,2.1,3,217,0,0,1,0,-1
49,24,18,95616,1,0.4,3,121,0,0,1,0,-1
46,22,53,95616,4,1.9,1,187,0,0,0,0,-1
36,10,33,95616,4,1.2,2,82,1,0,1,0,-1
57,27,55,95616,1,1.4,3,0,0,0,1,0,-1
38,12,48,95617,4,0.2,3,0,0,0,1,0,-1
46,20,85,95617,2,0.4,3,0,0,0,0,0,-1
36,12,73,95617,4,2,3,188,0,0,1,0,-1
59,33,64,95617,3,0.3,2,0,0,0,0,0,-1
66,41,59,95617,3,2.4,1,0,0,0,0,0,-1
50,25,34,95621,1,1.3,2,0,0,0,1,0,-1
58,32,65,95621,3,2.5,1,222,0,0,1,0,-1
45,21,63,95621,1,0.8,3,245,0,0,1,1,-1
30,4,154,95621,2,4.5,1,207,0,0,1,0,-1
53,29,12,95621,1,0.3,1,0,0,0,0,0,-1
65,40,18,95621,1,1.5,2,0,0,0,1,0,-1
59,33,42,95630,1,0.8,2,0,0,0,1,0,-1
51,27,21,95630,3,0.4,1,0,0,0,1,0,-1
31,6,62,95630,1,1,1,0,1,0,1,0,-1
59,29,45,95630,3,2,3,0,0,0,1,0,-1
50,24,43,95630,4,0.1,1,0,0,0,1,0,-1
37,12,63,95630,3,2.3,1,0,0,0,1,0,-1
26,2,79,95630,2,2.5,1,0,0,0,1,0,-1
42,18,143,95630,1,1.7,1,0,1,0,1,0,-1
33,7,39,95630,4,0.8,1,0,0,0,1,1,-1
37,12,55,95630,1,2.5,3,0,0,0,1,0,-1
62,36,105,95670,2,2.8,1,336,0,0,0,0,-1
43,18,22,95670,2,0.3,2,0,0,0,1,0,-1
27,2,110,95670,4,1.8,3,190,0,0,1,0,-1
34,10,22,95670,1,0.5,3,85,0,0,0,0,-1
42,17,98,95670,2,0.4,1,0,0,0,1,1,-1
44,20,50,95670,3,2.33,1,200,0,0,0,0,-1
28,2,22,95670,1,0.1,2,0,0,0,1,0,-1
49,24,75,95670,1,2.8,2,160,0,0,0,1,-1
35,9,23,95670,4,0.3,1,0,0,0,0,0,-1
43,16,78,95670,3,2.67,2,161,0,0,1,1,-1
60,34,92,95670,2,2,1,0,0,0,0,0,-1
60,34,50,95670,3,2.2,3,0,0,0,1,1,-1
44,18,72,95678,1,0.7,3,155,0,0,0,0,-1
49,25,24,95678,3,0.4,1,0,0,0,1,0,-1
42,15,21,95678,3,1,2,0,0,0,1,0,-1
64,39,98,95678,3,1.8,2,80,0,0,1,0,-1
60,35,130,95741,3,6.3,3,437,0,1,1,1,1
60,36,50,95741,1,1.8,3,0,0,0,1,0,-1
34,7,82,95741,4,2,2,0,0,0,1,1,-1
34,8,18,95741,4,0.3,1,0,0,0,0,0,-1
56,26,81,95747,2,4.5,3,0,0,0,0,1,-1
58,34,65,95747,4,2.2,1,0,0,0,1,0,-1
35,9,24,95747,4,0.3,1,0,0,0,1,0,-1
29,2,30,95747,4,1.5,2,112,0,0,0,1,-1
51,25,69,95747,1,0.3,1,0,0,0,1,1,-1
62,37,90,95747,3,0.5,1,0,0,0,1,0,-1
62,38,42,95747,3,0.1,3,149,0,0,0,1,-1
57,32,33,95747,2,2,2,0,0,0,1,0,-1
43,18,58,95747,1,2.4,1,0,0,0,0,0,-1
37,11,34,95747,3,0.9,1,0,0,0,1,0,-1
48,22,79,95747,3,0.7,2,0,0,0,1,0,-1
30,5,141,95747,1,0.8,1,0,0,0,1,0,-1
55,31,15,95747,1,0.2,1,0,0,0,0,0,-1
33,8,82,95747,1,2.6,2,0,1,1,1,1,-1
31,6,133,95747,1,1.5,3,0,0,0,0,0,1
46,22,80,95747,4,2,3,0,0,0,1,0,-1
36,11,195,95747,2,3,1,0,0,0,1,1,-1
46,22,25,95747,4,0.6,1,0,0,0,1,1,-1
54,30,133,95747,1,5,2,0,0,0,0,1,1
55,29,132,95758,3,5.9,2,307,0,0,0,0,1
34,9,104,95758,3,1.2,3,0,0,0,1,0,-1
37,13,73,95758,4,2.4,1,0,0,0,0,0,-1
43,19,82,95758,2,1.8,2,0,0,0,1,1,-1
47,23,71,95762,1,0.8,3,127,0,0,1,0,-1
39,14,75,95762,3,3,1,0,0,0,0,1,-1
31,6,81,95762,4,2.2,2,116,0,0,1,0,-1
50,25,14,95762,2,0.7,3,0,1,0,1,0,-1
35,10,38,95762,4,1.7,1,0,0,0,1,1,-1
28,2,42,95762,1,1.5,1,0,0,0,1,1,-1
52,26,59,95762,3,3,2,0,0,0,1,0,-1
39,14,89,95762,2,0.4,1,0,0,0,1,0,-1
65,41,84,95762,2,0,3,0,0,0,1,1,-1
46,21,205,95762,2,8.8,1,181,1,0,1,0,-1
43,17,48,95762,3,2.2,2,0,0,0,0,1,-1
59,34,19,95762,2,0.5,2,0,0,0,1,0,-1
29,5,135,95762,3,5.3,1,0,0,1,1,1,1
43,17,49,95812,3,2.2,2,103,0,0,1,1,-1
36,12,35,95812,4,0.4,2,0,0,0,1,0,-1
45,21,61,95812,3,0.7,1,0,1,1,1,1,-1
51,25,19,95812,1,1.4,3,98,0,0,0,0,-1
30,6,48,95812,1,1.2,1,0,0,0,1,0,-1
44,19,83,95812,2,3.8,3,0,1,0,0,1,-1
51,25,71,95814,1,1.4,3,198,0,0,0,0,-1
54,30,100,95814,4,3.4,3,0,0,0,0,0,1
52,28,90,95814,1,2.6,2,0,1,0,1,0,-1
61,35,90,95814,4,1.9,2,0,0,0,1,0,-1
59,34,18,95814,3,1.3,2,104,0,1,1,1,-1
27,3,84,95814,3,1.5,1,0,0,0,1,1,-1
37,11,139,95814,2,0.8,2,421,0,0,1,0,1
46,22,52,95814,2,2.1,3,221,0,0,0,0,-1
44,20,69,95814,1,0.8,3,0,0,0,1,1,-1
63,38,111,95814,2,3.9,1,207,1,1,1,1,-1
41,16,30,95814,2,1.4,2,0,0,0,0,1,-1
35,11,21,95814,2,1,2,0,0,0,0,0,-1
25,1,13,95814,4,1,1,95,0,0,0,1,-1
41,14,38,95814,3,1,2,150,0,0,1,0,-1
31,5,129,95814,3,5.9,3,319,1,1,0,1,1
33,9,41,95814,3,2,1,108,0,0,1,0,-1
42,17,63,95814,2,2.2,3,0,0,0,1,0,-1
46,20,152,95814,1,7.4,3,374,0,1,1,1,1
28,2,33,95814,3,1,1,167,0,0,1,0,-1
46,21,71,95814,4,1.9,3,0,0,0,0,0,-1
33,9,38,95814,1,1.33,1,115,0,0,0,0,-1
29,3,53,95814,4,2.1,3,0,0,0,1,0,-1
66,41,14,95814,4,0.6,2,0,0,0,0,0,-1
53,28,85,95814,1,1.3,3,118,0,0,1,0,-1
40,16,89,95814,3,3.9,2,216,1,1,1,0,1
49,25,13,95814,1,0.9,3,0,0,0,1,0,-1
33,8,140,95814,1,4.6,1,0,0,0,1,0,-1
34,8,75,95814,2,1.8,1,0,0,0,0,0,-1
63,39,64,95814,1,1.8,3,147,0,0,1,1,-1
37,11,42,95814,3,0.5,3,0,0,0,1,1,-1
32,8,60,95816,1,1.2,1,0,0,0,1,1,-1
61,36,40,95816,3,0.5,2,100,1,0,0,0,-1
52,28,11,95817,3,0.4,1,0,1,0,0,0,-1
39,13,72,95817,2,2.8,1,0,0,0,1,0,-1
52,26,79,95817,3,0.8,1,183,0,0,0,0,-1
58,32,74,95817,2,2.3,3,0,0,0,0,1,-1
66,41,73,95817,3,2.4,1,0,0,0,0,0,-1
53,29,24,95818,4,0.2,1,0,0,0,1,1,-1
38,14,92,95818,2,0,1,249,0,0,1,1,-1
53,29,55,95818,4,1.1,2,0,0,0,1,0,-1
49,25,24,95818,4,0.2,1,138,0,0,1,0,-1
62,37,19,95818,4,0.4,2,124,1,0,0,0,-1
45,20,62,95818,2,2.2,3,0,0,0,1,0,-1
27,2,170,95818,3,4.7,1,0,0,0,1,0,1
52,26,182,95818,2,1.4,2,0,0,0,1,0,1
59,35,21,95818,2,1,1,120,0,0,1,0,-1
39,15,28,95818,1,1.4,3,118,0,0,1,1,-1
62,37,22,95818,1,1.5,2,111,0,0,1,0,-1
51,27,12,95818,4,1,1,0,1,0,1,0,-1
29,5,44,95819,1,0.2,3,0,0,0,1,0,-1
29,0,134,95819,4,6.5,3,0,0,0,0,0,1
30,6,45,95819,1,1.8,2,0,0,0,1,0,-1
58,34,148,95819,1,4.7,1,0,0,0,1,0,-1
58,32,51,95819,1,2.8,2,0,0,0,1,0,-1
49,23,58,95819,4,2.6,1,188,0,0,0,0,-1
27,3,201,95819,1,6.33,1,158,0,0,1,0,-1
49,23,79,95819,3,0.7,2,151,0,0,1,0,-1
37,11,82,95819,3,0.9,2,218,0,0,1,1,-1
63,37,101,95819,2,2.8,1,0,0,0,0,0,-1
58,32,41,95819,3,1.4,1,0,0,0,1,0,-1
34,9,198,95819,2,3,1,422,0,0,1,0,-1
44,19,201,95819,2,8.8,1,0,0,0,1,1,-1
29,5,44,95819,3,0.1,2,0,0,0,1,1,-1
33,6,78,95819,4,2,2,0,1,0,1,0,-1
38,14,122,95819,2,8,1,0,0,0,1,1,-1
51,25,34,95819,3,0.9,3,111,0,0,1,0,-1
48,22,163,95819,1,2.4,1,396,0,0,1,0,-1
25,-1,101,95819,4,2.1,3,0,0,0,0,1,-1
49,25,24,95819,1,0.3,1,0,0,0,0,0,-1
40,16,83,95819,4,2.67,1,0,0,0,1,1,-1
47,22,114,95819,1,0.6,1,0,1,1,1,1,-1
63,37,31,95819,1,0.5,3,0,0,0,1,0,-1
35,8,43,95819,2,1.67,2,0,0,0,0,0,-1
28,4,80,95819,3,2.5,1,0,0,0,1,0,-1
50,25,18,95819,2,0,1,0,0,0,0,1,-1
50,25,40,95820,1,1.3,2,0,0,0,1,1,-1
55,30,34,95820,4,0.1,3,157,0,0,1,0,-1
47,22,42,95820,3,2.7,2,0,0,0,1,0,-1
42,16,55,95820,1,0.7,3,135,0,0,1,0,-1
39,15,55,95821,1,1.5,3,0,0,0,1,0,-1
38,14,28,95821,4,0.4,2,100,0,0,1,0,-1
50,24,68,95821,1,1.5,2,120,0,0,1,1,-1
47,22,44,95821,1,1.4,3,0,0,0,1,1,-1
55,30,84,95821,2,0,3,0,0,0,0,0,-1
64,34,53,95821,4,1.67,3,0,0,0,0,1,-1
37,13,95,95821,2,1.7,2,0,0,0,0,1,-1
47,21,109,95822,4,1.8,1,0,0,0,0,0,1
49,24,91,95822,1,2.8,2,0,0,0,0,0,-1
39,13,71,95822,3,0.1,1,162,1,0,1,0,-1
39,15,65,95822,1,1.5,3,0,0,0,0,0,-1
31,7,42,95822,1,2.4,2,0,0,0,1,1,-1
36,9,31,95825,4,1,2,0,1,0,1,0,-1
38,12,39,95825,2,0.3,1,174,0,0,1,0,-1
37,11,60,95825,2,2.8,1,181,0,0,0,1,-1
32,6,78,95825,1,2.9,3,0,0,0,0,0,-1
25,1,21,95827,3,1,2,0,0,0,0,0,-1
56,32,122,95827,2,0.3,1,360,0,1,1,1,-1
49,23,59,95827,3,2.1,1,0,0,0,0,0,-1
49,24,79,95827,1,0.2,2,83,0,0,1,1,-1
32,8,39,95827,1,1.7,1,0,0,0,1,1,-1
59,35,25,95827,2,0.3,1,75,0,0,1,0,-1
39,15,109,95827,1,1.7,1,0,0,0,1,0,-1
27,1,58,95827,4,1.8,2,154,0,1,1,1,-1
48,22,174,95827,1,2.4,1,0,0,0,1,0,-1
56,32,32,95827,2,0.8,1,79,1,0,1,0,-1
29,3,81,95827,1,2.9,3,0,0,0,0,0,-1
31,5,85,95828,2,1.3,1,119,0,0,1,1,-1
33,7,139,95828,1,4,3,106,0,1,1,1,1
52,28,23,95828,3,0.4,1,0,0,0,1,0,-1
51,27,75,95828,1,2.7,1,0,0,0,0,0,-1
35,11,58,95831,3,2,1,149,0,0,1,1,-1
57,32,28,95831,3,0.2,1,0,0,0,1,1,-1
56,30,145,95831,4,5.7,2,0,0,1,1,1,1
63,37,21,95831,2,0.4,1,0,0,0,1,0,-1
29,3,39,95831,4,0.2,1,137,0,0,1,1,-1
49,24,25,95831,2,0.7,3,0,0,0,1,0,-1
52,26,180,95831,1,1.7,1,550,0,0,1,0,-1
30,6,62,95831,1,0.1,1,0,0,0,1,1,-1
47,21,120,95833,1,0,1,135,0,0,0,0,-1
56,30,59,95833,3,0.8,1,159,1,0,1,0,-1
50,24,130,95833,1,1,1,0,0,0,0,0,-1
55,29,42,95833,4,2.5,1,0,1,0,0,0,-1
58,34,41,95833,3,1.5,1,0,0,0,1,1,-1
62,36,19,95833,2,0.2,3,0,0,0,1,1,-1
58,32,40,95833,2,0.3,1,0,0,0,0,0,-1
32,6,41,95833,3,0.9,1,179,0,0,0,0,-1
48,24,20,95841,1,1,1,0,0,0,1,1,-1
29,4,72,95841,4,2.2,1,0,0,0,1,0,-1
57,31,30,95841,2,0.7,2,145,0,0,0,0,-1
54,29,21,95841,4,0.1,3,0,0,0,0,0,-1
47,21,42,95841,4,0.1,1,0,0,0,1,1,-1
54,28,83,95841,1,2.4,1,0,0,0,1,0,-1
44,18,123,95841,3,5.9,1,0,0,1,1,1,1
47,22,203,95842,2,8.8,1,0,0,0,1,0,-1
29,-1,50,95842,2,1.75,3,0,0,0,0,1,-1
62,38,91,95929,1,3.8,1,0,1,0,1,0,-1
46,20,131,95929,1,5.7,1,256,0,0,0,1,-1
64,38,42,95929,2,0.7,3,137,0,0,1,0,-1
27,0,38,95929,4,1,3,154,0,0,1,0,-1
32,7,98,95929,1,4.2,1,171,1,1,0,0,1
47,21,53,95929,1,1.5,2,0,0,0,1,0,-1
42,18,42,95929,2,1.7,1,0,0,0,1,0,-1
41,17,78,95929,4,2.67,1,99,0,0,1,0,-1
49,24,13,95929,2,0,1,0,0,0,1,0,-1
48,23,168,95929,2,2.8,1,308,0,0,1,0,-1
57,27,39,95929,3,1,3,0,1,0,0,1,-1
32,7,134,95929,2,3.3,1,0,0,0,1,0,-1
58,32,12,95929,4,0.7,3,0,0,0,1,0,-1
62,36,63,95929,1,2.5,3,0,0,0,1,1,-1
36,11,69,95929,4,2.1,3,0,0,0,1,1,-1
60,34,29,95973,2,0.3,1,0,0,0,1,0,-1
61,37,20,95973,2,0.3,3,0,0,0,1,0,-1
26,0,164,95973,2,4,3,301,0,0,1,0,1
61,35,80,95973,4,1.7,3,0,0,0,1,0,-1
31,6,19,96001,4,1.1,3,104,0,1,1,1,-1
62,32,53,96001,4,1.67,3,142,0,0,0,0,-1
61,36,41,96001,2,1.5,1,0,0,0,0,0,-1
26,2,92,96001,2,0.2,1,0,0,0,1,0,-1
38,12,59,96001,3,0.5,3,0,1,1,1,1,-1
54,30,78,96001,3,1.8,2,0,0,0,0,0,-1
42,18,83,96001,4,2,3,0,0,0,1,0,-1
44,20,129,96001,2,3.3,1,0,0,0,1,0,-1
32,6,25,96001,3,1,1,0,0,0,1,0,-1
62,38,39,96003,4,2.2,1,0,1,0,1,0,-1
40,14,54,96003,2,0.7,1,0,0,0,0,0,-1
48,23,161,96003,4,7.9,3,310,0,0,0,0,1
45,20,30,96003,1,0.1,1,0,0,0,1,0,-1
61,36,50,96003,4,1.7,1,189,0,0,1,0,-1
26,0,12,96003,1,0.1,2,0,0,0,1,0,-1
32,7,54,96008,4,1.3,1,0,1,0,1,0,-1
53,28,183,96008,3,8.2,3,467,0,1,1,1,1
59,35,180,96008,2,6.5,2,0,1,1,1,1,1
29,5,31,96064,4,0.4,2,161,0,0,1,1,-1
41,16,79,96064,1,1,3,233,0,0,1,0,-1
33,7,43,96064,4,0.8,1,0,0,0,0,0,-1
64,40,40,96064,2,1.1,1,0,0,0,1,0,-1
52,28,74,96064,1,2.6,2,0,0,0,1,1,-1
61,35,60,96091,3,1.4,3,0,0,0,0,0,-1
54,28,48,96091,4,2.8,2,0,0,0,1,0,-1
28,3,134,96091,2,3.1,1,0,0,0,1,0,-1
42,18,39,96091,3,2.1,3,0,0,0,0,0,-1
37,11,64,96094,3,0.9,2,0,0,0,1,0,-1
26,0,54,96094,3,1.1,2,0,0,0,1,0,-1
43,18,9,96145,2,0,3,96,0,0,1,1,-1
56,31,61,96150,2,1.9,2,105,0,0,0,0,-1
45,19,11,96150,1,0.2,1,91,0,0,0,0,-1
44,20,175,96150,2,1.4,1,0,0,0,1,1,-1
27,3,110,96150,2,0.2,1,294,1,0,0,1,-1
32,7,35,96651,3,1.3,1,108,0,0,0,1,-1
51,27,23,96651,1,0.2,1,0,0,0,1,0,-1
37,11,60,96651,3,0.5,3,0,0,0,1,0,-1
26,1,24,96651,2,0.9,3,123,0,0,0,1,-1
29,5,28,96651,1,0.2,3,0,0,0,1,0,-1
59,34,13,96651,4,0.9,2,0,0,0,0,0,-1